year,month,day,hour,minute,second,pulse,spo2
2024,11,26,20,57,49,500,500
2024,11,26,20,57,53,500,500
2024,11,26,20,57,57,93,97
2024,11,26,20,58,1,98,98
2024,11,26,20,58,5,97,98
2024,11,26,20,58,9,97,98
2024,11,26,20,58,13,97,98
2024,11,26,20,58,17,97,98
2024,11,26,20,58,21,95,98
2024,11,26,20,58,25,95,98
2024,11,26,20,58,29,97,98
2024,11,26,20,58,33,98,98
2024,11,26,20,58,37,93,98
2024,11,26,20,58,41,93,98
2024,11,26,20,58,45,97,98
2024,11,26,20,58,49,99,98
2024,11,26,20,58,53,96,98
2024,11,26,20,58,57,94,98
2024,11,26,20,59,1,93,98
2024,11,26,20,59,5,93,98
2024,11,26,20,59,9,93,98
2024,11,26,20,59,13,94,98
2024,11,26,20,59,17,94,98
2024,11,26,20,59,21,94,97
2024,11,26,20,59,25,100,97
2024,11,26,20,59,29,99,98
2024,11,26,20,59,33,97,98
2024,11,26,20,59,37,96,98
2024,11,26,20,59,41,102,98
2024,11,26,20,59,45,98,98
2024,11,26,20,59,49,96,98
2024,11,26,20,59,53,103,98
2024,11,26,20,59,57,92,98
2024,11,26,21,0,1,86,98
2024,11,26,21,0,5,86,98
2024,11,26,21,0,9,85,98
2024,11,26,21,0,13,90,98
2024,11,26,21,0,17,91,98
2024,11,26,21,0,21,91,98
2024,11,26,21,0,25,91,98
2024,11,26,21,0,29,96,98
2024,11,26,21,0,33,98,98
2024,11,26,21,0,37,98,98
2024,11,26,21,0,41,95,98
2024,11,26,21,0,45,95,97
2024,11,26,21,0,49,96,98
2024,11,26,21,0,53,96,98
2024,11,26,21,0,57,96,98
2024,11,26,21,1,1,97,98
2024,11,26,21,1,5,95,98
2024,11,26,21,1,9,94,98
2024,11,26,21,1,13,96,98
2024,11,26,21,1,17,92,98
2024,11,26,21,1,21,92,98
2024,11,26,21,1,25,94,98
2024,11,26,21,1,29,93,98
2024,11,26,21,1,33,89,98
2024,11,26,21,1,37,90,98
2024,11,26,21,1,41,96,98
2024,11,26,21,1,45,102,98
2024,11,26,21,1,49,96,97
2024,11,26,21,1,53,96,98
2024,11,26,21,1,57,97,98
2024,11,26,21,2,1,92,98
2024,11,26,21,2,5,88,98
2024,11,26,21,2,9,89,98
2024,11,26,21,2,13,89,99
2024,11,26,21,2,17,91,98
2024,11,26,21,2,21,93,98
2024,11,26,21,2,25,93,98
2024,11,26,21,2,29,101,97
2024,11,26,21,2,33,103,97
2024,11,26,21,2,37,99,98
2024,11,26,21,2,41,100,98
2024,11,26,21,2,45,97,98
2024,11,26,21,2,49,94,98
2024,11,26,21,2,53,95,98
2024,11,26,21,2,57,97,98
2024,11,26,21,3,1,96,98
2024,11,26,21,3,5,89,98
2024,11,26,21,3,9,88,98
2024,11,26,21,3,13,94,98
2024,11,26,21,3,17,100,98
2024,11,26,21,3,21,99,98
2024,11,26,21,3,25,96,98
2024,11,26,21,3,29,99,98
2024,11,26,21,3,33,98,98
2024,11,26,21,3,37,97,98
2024,11,26,21,3,41,97,98
2024,11,26,21,3,45,102,98
2024,11,26,21,3,49,104,98
2024,11,26,21,3,53,97,98
2024,11,26,21,3,57,93,98
2024,11,26,21,4,1,91,98
2024,11,26,21,4,5,90,98
2024,11,26,21,4,9,90,98
2024,11,26,21,4,13,90,98
2024,11,26,21,4,17,91,98
2024,11,26,21,4,21,94,98
2024,11,26,21,4,25,96,98
2024,11,26,21,4,29,98,98
2024,11,26,21,4,33,96,98
2024,11,26,21,4,37,95,98
2024,11,26,21,4,41,100,98
2024,11,26,21,4,45,103,98
2024,11,26,21,4,49,96,98
2024,11,26,21,4,53,94,98
2024,11,26,21,4,57,102,98
2024,11,26,21,5,1,100,98
2024,11,26,21,5,5,100,98
2024,11,26,21,5,9,104,97
2024,11,26,21,5,13,97,98
2024,11,26,21,5,17,94,98
2024,11,26,21,5,21,93,98
2024,11,26,21,5,25,96,98
2024,11,26,21,5,29,94,98
2024,11,26,21,5,33,93,98
2024,11,26,21,5,37,93,98
2024,11,26,21,5,41,98,97
2024,11,26,21,5,45,97,97
2024,11,26,21,5,49,94,97
2024,11,26,21,5,53,94,97
2024,11,26,21,5,57,94,98
2024,11,26,21,6,1,92,98
2024,11,26,21,6,5,92,98
2024,11,26,21,6,9,97,98
2024,11,26,21,6,13,96,98
2024,11,26,21,6,17,94,98
2024,11,26,21,6,21,96,98
2024,11,26,21,6,25,98,98
2024,11,26,21,6,29,97,98
2024,11,26,21,6,33,95,98
2024,11,26,21,6,37,94,98
2024,11,26,21,6,41,98,98
2024,11,26,21,6,45,99,98
2024,11,26,21,6,49,97,98
2024,11,26,21,6,53,97,98
2024,11,26,21,6,57,97,98
2024,11,26,21,7,1,98,98
2024,11,26,21,7,5,98,98
2024,11,26,21,7,9,98,98
2024,11,26,21,7,13,99,98
2024,11,26,21,7,17,104,98
2024,11,26,21,7,21,100,98
2024,11,26,21,7,25,97,98
2024,11,26,21,7,29,96,97
2024,11,26,21,7,33,101,97
2024,11,26,21,7,37,103,98
2024,11,26,21,7,41,100,98
2024,11,26,21,7,45,100,98
2024,11,26,21,7,49,99,98
2024,11,26,21,7,53,97,98
2024,11,26,21,7,57,97,98
2024,11,26,21,8,1,98,98
2024,11,26,21,8,5,96,98
2024,11,26,21,8,9,95,98
2024,11,26,21,8,13,97,98
2024,11,26,21,8,17,98,98
2024,11,26,21,8,21,102,98
2024,11,26,21,8,25,103,98
2024,11,26,21,8,29,99,98
2024,11,26,21,8,33,95,98
2024,11,26,21,8,37,95,98
2024,11,26,21,8,41,97,98
2024,11,26,21,8,45,91,98
2024,11,26,21,8,49,91,98
2024,11,26,21,8,53,90,98
2024,11,26,21,8,57,88,98
2024,11,26,21,9,1,87,98
2024,11,26,21,9,5,87,98
2024,11,26,21,9,9,94,98
2024,11,26,21,9,13,94,98
2024,11,26,21,9,17,94,98
2024,11,26,21,9,21,95,98
2024,11,26,21,9,25,95,98
2024,11,26,21,9,29,96,98
2024,11,26,21,9,33,96,98
2024,11,26,21,9,37,96,98
2024,11,26,21,9,41,97,98
2024,11,26,21,9,45,96,98
2024,11,26,21,9,49,96,98
2024,11,26,21,9,53,102,98
2024,11,26,21,9,57,104,98
2024,11,26,21,10,1,96,98
2024,11,26,21,10,5,94,98
2024,11,26,21,10,9,96,98
2024,11,26,21,10,13,95,98
2024,11,26,21,10,17,96,98
2024,11,26,21,10,21,95,98
2024,11,26,21,10,25,93,98
2024,11,26,21,10,29,94,98
2024,11,26,21,10,33,94,98
2024,11,26,21,10,37,94,98
2024,11,26,21,10,41,100,98
2024,11,26,21,10,45,102,98
2024,11,26,21,10,49,96,98
2024,11,26,21,10,53,94,98
2024,11,26,21,10,57,96,98
2024,11,26,21,11,1,97,98
2024,11,26,21,11,5,94,98
2024,11,26,21,11,9,95,98
2024,11,26,21,11,13,92,98
2024,11,26,21,11,17,92,98
2024,11,26,21,11,21,96,98
2024,11,26,21,11,25,97,98
2024,11,26,21,11,29,96,98
2024,11,26,21,11,33,95,98
2024,11,26,21,11,37,97,98
2024,11,26,21,11,41,105,98
2024,11,26,21,11,45,97,98
2024,11,26,21,11,49,91,98
2024,11,26,21,11,53,92,98
2024,11,26,21,11,57,95,98
2024,11,26,21,12,1,94,97
2024,11,26,21,12,5,96,97
2024,11,26,21,12,9,95,98
2024,11,26,21,12,13,94,98
2024,11,26,21,12,17,92,98
2024,11,26,21,12,21,94,98
2024,11,26,21,12,25,92,98
2024,11,26,21,12,29,92,98
2024,11,26,21,12,33,92,98
2024,11,26,21,12,37,95,98
2024,11,26,21,12,41,93,97
2024,11,26,21,12,45,93,97
2024,11,26,21,12,49,96,98
2024,11,26,21,12,53,93,98
2024,11,26,21,12,57,95,98
2024,11,26,21,13,1,100,98
2024,11,26,21,13,5,99,98
2024,11,26,21,13,9,99,98
2024,11,26,21,13,13,99,98
2024,11,26,21,13,17,100,98
2024,11,26,21,13,21,99,98
2024,11,26,21,13,25,98,98
2024,11,26,21,13,29,96,98
2024,11,26,21,13,33,99,98
2024,11,26,21,13,37,98,98
2024,11,26,21,13,41,97,98
2024,11,26,21,13,45,97,98
2024,11,26,21,13,49,96,98
2024,11,26,21,13,53,96,98
2024,11,26,21,13,57,96,98
2024,11,26,21,14,1,97,98
2024,11,26,21,14,5,96,98
2024,11,26,21,14,9,96,98
2024,11,26,21,14,13,96,98
2024,11,26,21,14,17,96,98
2024,11,26,21,14,21,100,98
2024,11,26,21,14,25,101,98
2024,11,26,21,14,29,98,98
2024,11,26,21,14,33,94,98
2024,11,26,21,14,37,91,98
2024,11,26,21,14,41,91,99
2024,11,26,21,14,45,97,97
2024,11,26,21,14,49,94,97
2024,11,26,21,14,53,96,98
2024,11,26,21,14,57,97,98
2024,11,26,21,15,1,95,98
2024,11,26,21,15,5,94,98
2024,11,26,21,15,9,94,98
2024,11,26,21,15,13,94,98
2024,11,26,21,15,17,92,98
2024,11,26,21,15,21,92,98
2024,11,26,21,15,25,89,98
2024,11,26,21,15,29,87,98
2024,11,26,21,15,33,91,98
2024,11,26,21,15,37,94,98
2024,11,26,21,15,41,94,98
2024,11,26,21,15,45,95,98
2024,11,26,21,15,49,93,98
2024,11,26,21,15,53,93,98
2024,11,26,21,15,57,95,98
2024,11,26,21,16,1,94,98
2024,11,26,21,16,5,97,98
2024,11,26,21,16,9,99,98
2024,11,26,21,16,13,97,98
2024,11,26,21,16,17,92,98
2024,11,26,21,16,21,91,98
2024,11,26,21,16,25,89,98
2024,11,26,21,16,29,87,98
2024,11,26,21,16,33,87,98
2024,11,26,21,16,37,90,98
2024,11,26,21,16,41,89,98
2024,11,26,21,16,45,91,98
2024,11,26,21,16,49,95,98
2024,11,26,21,16,53,95,98
2024,11,26,21,16,57,97,98
2024,11,26,21,17,1,93,98
2024,11,26,21,17,5,90,98
2024,11,26,21,17,9,89,98
2024,11,26,21,17,13,88,98
2024,11,26,21,17,17,88,98
2024,11,26,21,17,21,96,98
2024,11,26,21,17,25,101,98
2024,11,26,21,17,29,97,98
2024,11,26,21,17,33,96,98
2024,11,26,21,17,37,97,98
2024,11,26,21,17,41,92,98
2024,11,26,21,17,45,91,98
2024,11,26,21,17,49,90,98
2024,11,26,21,17,53,88,98
2024,11,26,21,17,57,89,98
2024,11,26,21,18,1,86,98
2024,11,26,21,18,5,90,98
2024,11,26,21,18,9,91,98
2024,11,26,21,18,13,93,98
2024,11,26,21,18,17,94,98
2024,11,26,21,18,21,93,98
2024,11,26,21,18,25,96,98
2024,11,26,21,18,29,96,98
2024,11,26,21,18,33,96,98
2024,11,26,21,18,37,96,98
2024,11,26,21,18,41,96,98
2024,11,26,21,18,45,98,98
2024,11,26,21,18,49,97,98
2024,11,26,21,18,53,99,98
2024,11,26,21,18,57,99,98
2024,11,26,21,19,1,102,98
2024,11,26,21,19,5,101,98
2024,11,26,21,19,9,99,98
2024,11,26,21,19,13,95,98
2024,11,26,21,19,17,98,98
2024,11,26,21,19,21,95,98
2024,11,26,21,19,25,94,98
2024,11,26,21,19,29,96,98
2024,11,26,21,19,33,98,98
2024,11,26,21,19,37,97,98
2024,11,26,21,19,41,104,98
2024,11,26,21,19,45,99,98
2024,11,26,21,19,49,99,98
2024,11,26,21,19,53,98,98
2024,11,26,21,19,57,93,98
2024,11,26,21,20,1,90,98
2024,11,26,21,20,5,89,98
2024,11,26,21,20,9,90,98
2024,11,26,21,20,13,90,98
2024,11,26,21,20,17,90,98
2024,11,26,21,20,21,89,98
2024,11,26,21,20,25,93,98
2024,11,26,21,20,29,94,98
2024,11,26,21,20,33,89,98
2024,11,26,21,20,37,86,98
2024,11,26,21,20,41,85,98
2024,11,26,21,20,45,89,98
2024,11,26,21,20,49,89,98
2024,11,26,21,20,53,89,98
2024,11,26,21,20,57,89,98
2024,11,26,21,21,1,90,98
2024,11,26,21,21,5,92,98
2024,11,26,21,21,9,93,98
2024,11,26,21,21,13,90,98
2024,11,26,21,21,17,90,98
2024,11,26,21,21,21,89,98
2024,11,26,21,21,25,95,98
2024,11,26,21,21,29,98,98
2024,11,26,21,21,33,96,98
2024,11,26,21,21,37,95,98
2024,11,26,21,21,41,95,98
2024,11,26,21,21,45,98,98
2024,11,26,21,21,49,97,98
2024,11,26,21,21,53,93,98
2024,11,26,21,21,57,91,98
2024,11,26,21,22,1,94,98
2024,11,26,21,22,5,90,98
2024,11,26,21,22,9,88,98
2024,11,26,21,22,13,88,98
2024,11,26,21,22,17,88,98
2024,11,26,21,22,21,84,98
2024,11,26,21,22,25,83,98
2024,11,26,21,22,29,83,98
2024,11,26,21,22,33,83,98
2024,11,26,21,22,37,85,98
2024,11,26,21,22,41,86,98
2024,11,26,21,22,45,83,98
2024,11,26,21,22,49,85,98
2024,11,26,21,22,53,86,98
2024,11,26,21,22,57,85,98
2024,11,26,21,23,1,84,98
2024,11,26,21,23,5,90,98
2024,11,26,21,23,9,99,98
2024,11,26,21,23,13,101,98
2024,11,26,21,23,17,95,98
2024,11,26,21,23,21,92,98
2024,11,26,21,23,25,91,98
2024,11,26,21,23,29,91,98
2024,11,26,21,23,33,95,98
2024,11,26,21,23,37,98,98
2024,11,26,21,23,41,91,98
2024,11,26,21,23,45,90,98
2024,11,26,21,23,49,87,99
2024,11,26,21,23,53,89,98
2024,11,26,21,23,57,88,98
2024,11,26,21,24,1,91,98
2024,11,26,21,24,5,91,98
2024,11,26,21,24,9,94,98
2024,11,26,21,24,13,94,98
2024,11,26,21,24,17,94,98
2024,11,26,21,24,21,94,98
2024,11,26,21,24,25,96,98
2024,11,26,21,24,29,92,98
2024,11,26,21,24,33,91,98
2024,11,26,21,24,37,93,98
2024,11,26,21,24,41,94,98
2024,11,26,21,24,45,98,98
2024,11,26,21,24,49,91,98
2024,11,26,21,24,53,90,98
2024,11,26,21,24,57,91,98
2024,11,26,21,25,1,90,98
2024,11,26,21,25,5,88,98
2024,11,26,21,25,9,87,98
2024,11,26,21,25,13,88,98
2024,11,26,21,25,17,88,98
2024,11,26,21,25,21,89,98
2024,11,26,21,25,25,89,98
2024,11,26,21,25,29,91,98
2024,11,26,21,25,33,91,98
2024,11,26,21,25,37,92,98
2024,11,26,21,25,41,90,98
2024,11,26,21,25,45,92,98
2024,11,26,21,25,49,93,98
2024,11,26,21,25,53,95,98
2024,11,26,21,25,57,100,98
2024,11,26,21,26,1,97,98
2024,11,26,21,26,5,96,98
2024,11,26,21,26,9,100,98
2024,11,26,21,26,13,100,99
2024,11,26,21,26,17,105,98
2024,11,26,21,26,21,102,97
2024,11,26,21,26,25,95,98
2024,11,26,21,26,29,94,98
2024,11,26,21,26,33,100,99
2024,11,26,21,26,37,98,98
2024,11,26,21,26,41,96,98
2024,11,26,21,26,45,98,98
2024,11,26,21,26,49,94,98
2024,11,26,21,26,53,90,98
2024,11,26,21,26,57,90,98
2024,11,26,21,27,1,91,99
2024,11,26,21,27,5,96,98
2024,11,26,21,27,9,89,99
2024,11,26,21,27,13,86,98
2024,11,26,21,27,17,88,98
2024,11,26,21,27,21,87,98
2024,11,26,21,27,25,87,98
2024,11,26,21,27,29,88,98
2024,11,26,21,27,33,91,98
2024,11,26,21,27,37,87,98
2024,11,26,21,27,41,87,98
2024,11,26,21,27,45,88,98
2024,11,26,21,27,49,90,98
2024,11,26,21,27,53,89,98
2024,11,26,21,27,57,94,98
2024,11,26,21,28,1,96,98
2024,11,26,21,28,5,95,98
2024,11,26,21,28,9,96,98
2024,11,26,21,28,13,92,98
2024,11,26,21,28,17,90,98
2024,11,26,21,28,21,89,98
2024,11,26,21,28,25,89,98
2024,11,26,21,28,29,92,98
2024,11,26,21,28,33,93,98
2024,11,26,21,28,37,90,98
2024,11,26,21,28,41,90,98
2024,11,26,21,28,45,89,99
2024,11,26,21,28,49,96,98
2024,11,26,21,28,53,98,98
2024,11,26,21,28,57,89,98
2024,11,26,21,29,1,88,98
2024,11,26,21,29,5,89,97
2024,11,26,21,29,9,90,98
2024,11,26,21,29,13,95,98
2024,11,26,21,29,17,91,98
2024,11,26,21,29,21,88,98
2024,11,26,21,29,25,88,98
2024,11,26,21,29,29,92,97
2024,11,26,21,29,33,93,98
2024,11,26,21,29,37,96,98
2024,11,26,21,29,41,97,98
2024,11,26,21,29,45,95,98
2024,11,26,21,29,49,95,98
2024,11,26,21,29,53,104,98
2024,11,26,21,29,57,107,98
2024,11,26,21,30,1,96,98
2024,11,26,21,30,5,94,98
2024,11,26,21,30,9,95,98
2024,11,26,21,30,13,92,98
2024,11,26,21,30,17,87,98
2024,11,26,21,30,21,86,98
2024,11,26,21,30,25,85,98
2024,11,26,21,30,29,85,98
2024,11,26,21,30,33,91,98
2024,11,26,21,30,37,93,98
2024,11,26,21,30,41,93,98
2024,11,26,21,30,45,91,98
2024,11,26,21,30,49,91,98
2024,11,26,21,30,53,94,98
2024,11,26,21,30,57,95,98
2024,11,26,21,31,1,93,98
2024,11,26,21,31,5,93,98
2024,11,26,21,31,9,94,98
2024,11,26,21,31,13,92,98
2024,11,26,21,31,17,96,98
2024,11,26,21,31,21,97,98
2024,11,26,21,31,25,94,98
2024,11,26,21,31,29,93,98
2024,11,26,21,31,33,95,98
2024,11,26,21,31,37,92,98
2024,11,26,21,31,41,87,98
2024,11,26,21,31,45,88,98
2024,11,26,21,31,49,90,98
2024,11,26,21,31,53,89,98
2024,11,26,21,31,57,92,98
2024,11,26,21,32,1,93,98
2024,11,26,21,32,5,92,98
2024,11,26,21,32,9,93,98
2024,11,26,21,32,13,92,98
2024,11,26,21,32,17,92,98
2024,11,26,21,32,21,93,98
2024,11,26,21,32,25,95,98
2024,11,26,21,32,29,93,98
2024,11,26,21,32,33,94,97
2024,11,26,21,32,37,94,98
2024,11,26,21,32,41,94,98
2024,11,26,21,32,45,89,98
2024,11,26,21,32,49,88,98
2024,11,26,21,32,53,93,98
2024,11,26,21,32,57,98,98
2024,11,26,21,33,1,95,98
2024,11,26,21,33,5,90,98
2024,11,26,21,33,9,92,98
2024,11,26,21,33,13,92,98
2024,11,26,21,33,17,95,98
2024,11,26,21,33,21,96,98
2024,11,26,21,33,25,95,98
2024,11,26,21,33,29,96,98
2024,11,26,21,33,33,93,98
2024,11,26,21,33,37,91,98
2024,11,26,21,33,41,91,98
2024,11,26,21,33,45,92,98
2024,11,26,21,33,49,87,98
2024,11,26,21,33,53,89,98
2024,11,26,21,33,57,89,98
2024,11,26,21,34,1,89,98
2024,11,26,21,34,5,92,98
2024,11,26,21,34,9,91,98
2024,11,26,21,34,13,98,98
2024,11,26,21,34,17,99,98
2024,11,26,21,34,21,93,98
2024,11,26,21,34,25,90,98
2024,11,26,21,34,29,89,97
2024,11,26,21,34,33,89,98
2024,11,26,21,34,37,92,98
2024,11,26,21,34,41,98,98
2024,11,26,21,34,45,99,98
2024,11,26,21,34,49,90,98
2024,11,26,21,34,53,90,98
2024,11,26,21,34,57,92,98
2024,11,26,21,35,1,91,98
2024,11,26,21,35,5,97,98
2024,11,26,21,35,9,100,98
2024,11,26,21,35,13,87,98
2024,11,26,21,35,17,86,98
2024,11,26,21,35,21,93,98
2024,11,26,21,35,25,93,98
2024,11,26,21,35,29,92,98
2024,11,26,21,35,33,98,98
2024,11,26,21,35,37,94,98
2024,11,26,21,35,41,93,98
2024,11,26,21,35,45,92,98
2024,11,26,21,35,49,98,98
2024,11,26,21,35,53,92,99
2024,11,26,21,35,57,96,98
2024,11,26,21,36,1,98,97
2024,11,26,21,36,5,90,98
2024,11,26,21,36,9,90,98
2024,11,26,21,36,13,91,98
2024,11,26,21,36,17,92,98
2024,11,26,21,36,21,91,98
2024,11,26,21,36,25,90,98
2024,11,26,21,36,29,90,98
2024,11,26,21,36,33,90,98
2024,11,26,21,36,37,92,98
2024,11,26,21,36,41,96,98
2024,11,26,21,36,45,97,98
2024,11,26,21,36,49,89,98
2024,11,26,21,36,53,91,98
2024,11,26,21,36,57,88,98
2024,11,26,21,37,1,86,98
2024,11,26,21,37,5,83,98
2024,11,26,21,37,9,81,98
2024,11,26,21,37,13,83,98
2024,11,26,21,37,17,80,98
2024,11,26,21,37,21,86,98
2024,11,26,21,37,25,88,98
2024,11,26,21,37,29,89,98
2024,11,26,21,37,33,89,98
2024,11,26,21,37,37,93,98
2024,11,26,21,37,41,96,98
2024,11,26,21,37,45,98,98
2024,11,26,21,37,49,97,98
2024,11,26,21,37,53,96,98
2024,11,26,21,37,57,95,98
2024,11,26,21,38,1,93,98
2024,11,26,21,38,5,91,98
2024,11,26,21,38,9,101,98
2024,11,26,21,38,13,103,98
2024,11,26,21,38,17,100,99
2024,11,26,21,38,21,99,98
2024,11,26,21,38,25,97,98
2024,11,26,21,38,29,96,98
2024,11,26,21,38,33,101,98
2024,11,26,21,38,37,97,98
2024,11,26,21,38,41,95,98
2024,11,26,21,38,45,95,99
2024,11,26,21,38,49,98,99
2024,11,26,21,38,53,101,98
2024,11,26,21,38,57,101,98
2024,11,26,21,39,1,103,98
2024,11,26,21,39,5,104,98
2024,11,26,21,39,9,104,98
2024,11,26,21,39,13,107,99
2024,11,26,21,39,17,99,98
2024,11,26,21,39,21,94,98
2024,11,26,21,39,25,92,98
2024,11,26,21,39,29,90,98
2024,11,26,21,39,33,91,98
2024,11,26,21,39,37,91,98
2024,11,26,21,39,41,92,98
2024,11,26,21,39,45,92,98
2024,11,26,21,39,49,93,98
2024,11,26,21,39,53,97,97
2024,11,26,21,39,57,96,98
2024,11,26,21,40,1,94,98
2024,11,26,21,40,5,94,98
2024,11,26,21,40,9,97,98
2024,11,26,21,40,13,89,98
2024,11,26,21,40,17,84,98
2024,11,26,21,40,21,90,97
2024,11,26,21,40,25,90,97
2024,11,26,21,40,29,93,98
2024,11,26,21,40,33,100,98
2024,11,26,21,40,37,95,98
2024,11,26,21,40,41,90,98
2024,11,26,21,40,45,87,98
2024,11,26,21,40,49,85,98
2024,11,26,21,40,53,91,98
2024,11,26,21,40,57,96,98
2024,11,26,21,41,1,93,98
2024,11,26,21,41,5,89,98
2024,11,26,21,41,9,89,98
2024,11,26,21,41,13,92,98
2024,11,26,21,41,17,87,98
2024,11,26,21,41,21,91,98
2024,11,26,21,41,25,91,98
2024,11,26,21,41,29,87,98
2024,11,26,21,41,33,85,98
2024,11,26,21,41,37,93,98
2024,11,26,21,41,41,95,98
2024,11,26,21,41,45,87,98
2024,11,26,21,41,49,84,97
2024,11,26,21,41,53,82,97
2024,11,26,21,41,57,80,98
2024,11,26,21,42,1,80,98
2024,11,26,21,42,5,85,98
2024,11,26,21,42,9,86,98
2024,11,26,21,42,13,85,98
2024,11,26,21,42,17,92,98
2024,11,26,21,42,21,93,98
2024,11,26,21,42,25,90,98
2024,11,26,21,42,29,92,98
2024,11,26,21,42,33,96,98
2024,11,26,21,42,37,89,98
2024,11,26,21,42,41,87,97
2024,11,26,21,42,45,87,97
2024,11,26,21,42,49,87,98
2024,11,26,21,42,53,90,98
2024,11,26,21,42,57,90,98
2024,11,26,21,43,1,91,98
2024,11,26,21,43,5,93,98
2024,11,26,21,43,9,89,98
2024,11,26,21,43,13,89,98
2024,11,26,21,43,17,96,98
2024,11,26,21,43,21,98,98
2024,11,26,21,43,25,91,98
2024,11,26,21,43,29,91,98
2024,11,26,21,43,33,90,98
2024,11,26,21,43,37,89,98
2024,11,26,21,43,41,92,98
2024,11,26,21,43,45,91,98
2024,11,26,21,43,49,90,98
2024,11,26,21,43,53,92,98
2024,11,26,21,43,57,92,98
2024,11,26,21,44,1,93,98
2024,11,26,21,44,5,93,98
2024,11,26,21,44,9,93,98
2024,11,26,21,44,13,101,98
2024,11,26,21,44,17,95,98
2024,11,26,21,44,21,94,98
2024,11,26,21,44,25,96,98
2024,11,26,21,44,29,95,98
2024,11,26,21,44,33,95,98
2024,11,26,21,44,37,98,98
2024,11,26,21,44,41,90,98
2024,11,26,21,44,45,90,98
2024,11,26,21,44,49,90,98
2024,11,26,21,44,53,95,98
2024,11,26,21,44,57,94,98
2024,11,26,21,45,1,87,98
2024,11,26,21,45,5,85,98
2024,11,26,21,45,9,84,98
2024,11,26,21,45,13,83,98
2024,11,26,21,45,17,92,98
2024,11,26,21,45,21,92,98
2024,11,26,21,45,25,91,98
2024,11,26,21,45,29,89,98
2024,11,26,21,45,33,89,98
2024,11,26,21,45,37,100,98
2024,11,26,21,45,41,105,98
2024,11,26,21,45,45,94,98
2024,11,26,21,45,49,94,98
2024,11,26,21,45,53,93,98
2024,11,26,21,45,57,90,98
2024,11,26,21,46,1,97,98
2024,11,26,21,46,5,98,98
2024,11,26,21,46,9,98,98
2024,11,26,21,46,13,108,98
2024,11,26,21,46,17,101,98
2024,11,26,21,46,21,106,98
2024,11,26,21,46,25,103,98
2024,11,26,21,46,29,94,98
2024,11,26,21,46,33,92,98
2024,11,26,21,46,37,91,98
2024,11,26,21,46,41,94,98
2024,11,26,21,46,45,92,98
2024,11,26,21,46,49,96,98
2024,11,26,21,46,53,92,98
2024,11,26,21,46,57,88,98
2024,11,26,21,47,1,94,98
2024,11,26,21,47,5,99,98
2024,11,26,21,47,9,103,99
2024,11,26,21,47,13,103,98
2024,11,26,21,47,17,103,98
2024,11,26,21,47,21,103,98
2024,11,26,21,47,25,103,98
2024,11,26,21,47,29,99,98
2024,11,26,21,47,33,96,98
2024,11,26,21,47,37,92,98
2024,11,26,21,47,41,90,98
2024,11,26,21,47,45,89,98
2024,11,26,21,47,49,89,98
2024,11,26,21,47,53,88,98
2024,11,26,21,47,57,90,98
2024,11,26,21,48,1,93,98
2024,11,26,21,48,5,92,98
2024,11,26,21,48,9,94,98
2024,11,26,21,48,13,95,98
2024,11,26,21,48,17,93,98
2024,11,26,21,48,21,97,98
2024,11,26,21,48,25,100,98
2024,11,26,21,48,29,101,98
2024,11,26,21,48,33,92,98
2024,11,26,21,48,37,90,98
2024,11,26,21,48,41,99,98
2024,11,26,21,48,45,103,98
2024,11,26,21,48,49,107,98
2024,11,26,21,48,53,105,97
2024,11,26,21,48,57,97,98
2024,11,26,21,49,1,94,98
2024,11,26,21,49,5,93,98
2024,11,26,21,49,9,95,98
2024,11,26,21,49,13,95,98
2024,11,26,21,49,17,96,98
2024,11,26,21,49,21,104,98
2024,11,26,21,49,25,98,98
2024,11,26,21,49,29,98,98
2024,11,26,21,49,33,101,98
2024,11,26,21,49,37,95,98
2024,11,26,21,49,41,93,98
2024,11,26,21,49,45,91,98
2024,11,26,21,49,49,90,98
2024,11,26,21,49,53,90,98
2024,11,26,21,49,57,90,98
2024,11,26,21,50,1,91,98
2024,11,26,21,50,5,94,98
2024,11,26,21,50,9,96,98
2024,11,26,21,50,13,95,98
2024,11,26,21,50,17,95,98
2024,11,26,21,50,21,96,97
2024,11,26,21,50,25,101,98
2024,11,26,21,50,29,95,98
2024,11,26,21,50,33,92,98
2024,11,26,21,50,37,92,98
2024,11,26,21,50,41,90,98
2024,11,26,21,50,45,88,98
2024,11,26,21,50,49,92,98
2024,11,26,21,50,53,93,98
2024,11,26,21,50,57,93,98
2024,11,26,21,51,1,95,98
2024,11,26,21,51,5,100,98
2024,11,26,21,51,9,96,98
2024,11,26,21,51,13,93,98
2024,11,26,21,51,17,88,98
2024,11,26,21,51,21,88,98
2024,11,26,21,51,25,88,98
2024,11,26,21,51,29,87,98
2024,11,26,21,51,33,88,98
2024,11,26,21,51,37,90,98
2024,11,26,21,51,41,90,98
2024,11,26,21,51,45,90,98
2024,11,26,21,51,49,88,98
2024,11,26,21,51,53,90,98
2024,11,26,21,51,57,92,98
2024,11,26,21,52,1,91,98
2024,11,26,21,52,5,91,98
2024,11,26,21,52,9,96,98
2024,11,26,21,52,13,102,98
2024,11,26,21,52,17,98,98
2024,11,26,21,52,21,94,98
2024,11,26,21,52,25,94,98
2024,11,26,21,52,29,95,98
2024,11,26,21,52,33,95,98
2024,11,26,21,52,37,96,98
2024,11,26,21,52,41,96,98
2024,11,26,21,52,45,98,98
2024,11,26,21,52,49,96,98
2024,11,26,21,52,53,96,98
2024,11,26,21,52,57,97,99
2024,11,26,21,53,1,95,98
2024,11,26,21,53,5,95,98
2024,11,26,21,53,9,98,98
2024,11,26,21,53,13,97,98
2024,11,26,21,53,17,97,98
2024,11,26,21,53,21,97,98
2024,11,26,21,53,25,96,98
2024,11,26,21,53,29,96,98
2024,11,26,21,53,33,99,98
2024,11,26,21,53,37,96,99
2024,11,26,21,53,41,95,98
2024,11,26,21,53,45,98,98
2024,11,26,21,53,49,99,98
2024,11,26,21,53,53,97,98
2024,11,26,21,53,57,95,98
2024,11,26,21,54,1,95,98
2024,11,26,21,54,5,101,98
2024,11,26,21,54,9,94,98
2024,11,26,21,54,13,93,98
2024,11,26,21,54,17,91,98
2024,11,26,21,54,21,90,98
2024,11,26,21,54,25,91,98
2024,11,26,21,54,29,90,98
2024,11,26,21,54,33,89,98
2024,11,26,21,54,37,88,98
2024,11,26,21,54,41,91,98
2024,11,26,21,54,45,92,98
2024,11,26,21,54,49,91,98
2024,11,26,21,54,53,94,98
2024,11,26,21,54,57,98,98
2024,11,26,21,55,1,103,98
2024,11,26,21,55,5,98,98
2024,11,26,21,55,9,96,98
2024,11,26,21,55,13,95,98
2024,11,26,21,55,17,99,98
2024,11,26,21,55,21,101,98
2024,11,26,21,55,25,95,98
2024,11,26,21,55,29,103,98
2024,11,26,21,55,33,99,98
2024,11,26,21,55,37,99,98
2024,11,26,21,55,41,100,98
2024,11,26,21,55,45,100,98
2024,11,26,21,55,49,102,98
2024,11,26,21,55,53,96,98
2024,11,26,21,55,57,97,99
2024,11,26,21,56,1,96,98
2024,11,26,21,56,5,93,98
2024,11,26,21,56,9,95,98
2024,11,26,21,56,13,95,98
2024,11,26,21,56,17,96,98
2024,11,26,21,56,21,101,98
2024,11,26,21,56,25,102,98
2024,11,26,21,56,29,95,98
2024,11,26,21,56,33,94,98
2024,11,26,21,56,37,97,98
2024,11,26,21,56,41,100,98
2024,11,26,21,56,45,100,98
2024,11,26,21,56,49,99,98
2024,11,26,21,56,53,95,98
2024,11,26,21,56,57,94,98
2024,11,26,21,57,1,91,98
2024,11,26,21,57,5,96,98
2024,11,26,21,57,9,98,98
2024,11,26,21,57,13,97,98
2024,11,26,21,57,17,96,98
2024,11,26,21,57,21,95,98
2024,11,26,21,57,25,94,98
2024,11,26,21,57,29,94,98
2024,11,26,21,57,33,94,98
2024,11,26,21,57,37,95,98
2024,11,26,21,57,41,98,98
2024,11,26,21,57,45,99,98
2024,11,26,21,57,49,101,98
2024,11,26,21,57,53,100,98
2024,11,26,21,57,57,98,98
2024,11,26,21,58,1,103,98
2024,11,26,21,58,5,102,98
2024,11,26,21,58,9,108,98
2024,11,26,21,58,13,104,98
2024,11,26,21,58,17,96,98
2024,11,26,21,58,21,92,98
2024,11,26,21,58,25,91,98
2024,11,26,21,58,29,91,98
2024,11,26,21,58,33,94,98
2024,11,26,21,58,37,93,98
2024,11,26,21,58,41,97,98
2024,11,26,21,58,45,93,98
2024,11,26,21,58,49,92,98
2024,11,26,21,58,53,95,98
2024,11,26,21,58,57,95,98
2024,11,26,21,59,1,99,97
2024,11,26,21,59,5,93,98
2024,11,26,21,59,9,92,98
2024,11,26,21,59,13,97,98
2024,11,26,21,59,17,95,98
2024,11,26,21,59,21,94,98
2024,11,26,21,59,25,97,97
2024,11,26,21,59,29,101,98
2024,11,26,21,59,33,96,98
2024,11,26,21,59,37,94,98
2024,11,26,21,59,41,91,98
2024,11,26,21,59,45,95,98
2024,11,26,21,59,49,97,98
2024,11,26,21,59,53,96,98
2024,11,26,21,59,57,96,98
2024,11,26,22,0,1,101,98
2024,11,26,22,0,5,99,98
2024,11,26,22,0,9,97,98
2024,11,26,22,0,13,93,98
2024,11,26,22,0,17,92,98
2024,11,26,22,0,21,91,98
2024,11,26,22,0,25,88,98
2024,11,26,22,0,29,93,98
2024,11,26,22,0,33,95,98
2024,11,26,22,0,37,99,98
2024,11,26,22,0,41,103,98
2024,11,26,22,0,45,96,98
2024,11,26,22,0,49,96,98
2024,11,26,22,0,53,95,98
2024,11,26,22,0,57,95,98
2024,11,26,22,1,1,95,98
2024,11,26,22,1,5,91,98
2024,11,26,22,1,9,89,98
2024,11,26,22,1,13,88,98
2024,11,26,22,1,17,95,98
2024,11,26,22,1,21,97,98
2024,11,26,22,1,25,97,98
2024,11,26,22,1,29,95,98
2024,11,26,22,1,33,95,98
2024,11,26,22,1,37,97,98
2024,11,26,22,1,41,90,98
2024,11,26,22,1,45,93,98
2024,11,26,22,1,49,91,98
2024,11,26,22,1,53,91,98
2024,11,26,22,1,57,96,98
2024,11,26,22,2,1,98,98
2024,11,26,22,2,5,93,98
2024,11,26,22,2,9,93,98
2024,11,26,22,2,13,96,98
2024,11,26,22,2,17,94,98
2024,11,26,22,2,21,94,98
2024,11,26,22,2,25,101,98
2024,11,26,22,2,29,104,98
2024,11,26,22,2,33,92,98
2024,11,26,22,2,37,92,98
2024,11,26,22,2,41,96,98
2024,11,26,22,2,45,93,98
2024,11,26,22,2,49,93,98
2024,11,26,22,2,53,103,98
2024,11,26,22,2,57,104,98
2024,11,26,22,3,1,99,99
2024,11,26,22,3,5,101,98
2024,11,26,22,3,9,103,98
2024,11,26,22,3,13,100,98
2024,11,26,22,3,17,100,98
2024,11,26,22,3,21,97,98
2024,11,26,22,3,25,96,98
2024,11,26,22,3,29,91,98
2024,11,26,22,3,33,90,98
2024,11,26,22,3,37,91,98
2024,11,26,22,3,41,94,98
2024,11,26,22,3,45,94,98
2024,11,26,22,3,49,93,98
2024,11,26,22,3,53,92,98
2024,11,26,22,3,57,93,98
2024,11,26,22,4,1,95,98
2024,11,26,22,4,5,95,98
2024,11,26,22,4,9,96,98
2024,11,26,22,4,13,94,98
2024,11,26,22,4,17,92,98
2024,11,26,22,4,21,88,98
2024,11,26,22,4,25,87,98
2024,11,26,22,4,29,87,98
2024,11,26,22,4,33,90,98
2024,11,26,22,4,37,92,98
2024,11,26,22,4,41,91,98
2024,11,26,22,4,45,91,98
2024,11,26,22,4,49,91,98
2024,11,26,22,4,53,91,98
2024,11,26,22,4,57,88,98
2024,11,26,22,5,1,89,98
2024,11,26,22,5,5,91,98
2024,11,26,22,5,9,94,97
2024,11,26,22,5,13,94,97
2024,11,26,22,5,17,104,98
2024,11,26,22,5,21,100,98
2024,11,26,22,5,25,99,98
2024,11,26,22,5,29,102,98
2024,11,26,22,5,33,100,99
2024,11,26,22,5,37,104,98
2024,11,26,22,5,41,106,98
2024,11,26,22,5,45,109,98
2024,11,26,22,5,49,111,98
2024,11,26,22,5,53,111,98
2024,11,26,22,5,57,106,98
2024,11,26,22,6,1,105,98
2024,11,26,22,6,5,108,98
2024,11,26,22,6,9,105,98
2024,11,26,22,6,13,106,98
2024,11,26,22,6,17,103,98
2024,11,26,22,6,21,101,98
2024,11,26,22,6,25,101,97
2024,11,26,22,6,29,104,98
2024,11,26,22,6,33,105,98
2024,11,26,22,6,37,109,98
2024,11,26,22,6,41,109,98
2024,11,26,22,6,45,109,98
2024,11,26,22,6,49,500,500
2024,11,26,22,6,53,500,500
2024,11,26,22,6,57,109,98
2024,11,26,22,7,1,101,98
2024,11,26,22,7,5,99,98
2024,11,26,22,7,9,99,98
2024,11,26,22,7,13,97,98
2024,11,26,22,7,17,97,98
2024,11,26,22,7,21,97,98
2024,11,26,22,7,25,500,500
2024,11,26,22,7,29,500,500
2024,11,26,22,7,33,99,98
2024,11,26,22,7,37,105,98
2024,11,26,22,7,41,111,97
2024,11,26,22,7,45,111,97
2024,11,26,22,7,49,124,97
2024,11,26,22,7,53,129,97
2024,11,26,22,7,57,130,93
2024,11,26,22,8,1,119,95
2024,11,26,22,8,5,115,96
2024,11,26,22,8,9,120,96
2024,11,26,22,8,13,125,96
2024,11,26,22,8,17,118,95
2024,11,26,22,8,21,113,96
2024,11,26,22,8,25,117,96
2024,11,26,22,8,29,114,96
2024,11,26,22,8,33,112,96
2024,11,26,22,8,37,97,96
2024,11,26,22,8,41,76,98
2024,11,26,22,8,45,93,97
2024,11,26,22,8,49,98,97
2024,11,26,22,8,53,101,97
2024,11,26,22,8,57,102,97
2024,11,26,22,9,1,101,97
2024,11,26,22,9,5,103,98
2024,11,26,22,9,9,102,98
2024,11,26,22,9,13,101,98
2024,11,26,22,9,17,99,98
2024,11,26,22,9,21,97,98
2024,11,26,22,9,25,96,98
2024,11,26,22,9,29,94,98
2024,11,26,22,9,33,93,98
2024,11,26,22,9,37,107,99
2024,11,26,22,9,41,115,98
2024,11,26,22,9,45,115,97
2024,11,26,22,9,49,119,97
2024,11,26,22,9,53,113,95
2024,11,26,22,9,57,111,98
2024,11,26,22,10,1,104,96
2024,11,26,22,10,5,104,97
2024,11,26,22,10,9,114,98
2024,11,26,22,10,13,105,97
2024,11,26,22,10,17,104,96
2024,11,26,22,10,21,110,98
2024,11,26,22,10,25,114,98
2024,11,26,22,10,29,112,98
2024,11,26,22,10,33,104,98
2024,11,26,22,10,37,102,98
2024,11,26,22,10,41,110,98
2024,11,26,22,10,45,105,98
2024,11,26,22,10,49,105,98
2024,11,26,22,10,53,109,98
2024,11,26,22,10,57,101,98
2024,11,26,22,11,1,99,98
2024,11,26,22,11,5,107,98
2024,11,26,22,11,9,105,98
2024,11,26,22,11,13,113,98
2024,11,26,22,11,17,117,98
2024,11,26,22,11,21,117,98
2024,11,26,22,11,25,120,98
2024,11,26,22,11,29,120,98
2024,11,26,22,11,33,119,98
2024,11,26,22,11,37,117,98
2024,11,26,22,11,41,116,98
2024,11,26,22,11,45,110,98
2024,11,26,22,11,49,102,99
2024,11,26,22,11,53,99,98
2024,11,26,22,11,57,100,98
2024,11,26,22,12,1,100,98
2024,11,26,22,12,5,110,97
2024,11,26,22,12,9,112,97
2024,11,26,22,12,13,102,97
2024,11,26,22,12,17,98,98
2024,11,26,22,12,21,98,98
2024,11,26,22,12,25,110,99
2024,11,26,22,12,29,111,98
2024,11,26,22,12,33,104,98
2024,11,26,22,12,37,105,99
2024,11,26,22,12,41,95,98
2024,11,26,22,12,45,93,98
2024,11,26,22,12,49,99,99
2024,11,26,22,12,53,94,98
2024,11,26,22,12,57,91,98
2024,11,26,22,13,1,102,99
2024,11,26,22,13,5,103,98
2024,11,26,22,13,9,98,98
2024,11,26,22,13,13,97,98
2024,11,26,22,13,17,99,98
2024,11,26,22,13,21,91,98
2024,11,26,22,13,25,90,98
2024,11,26,22,13,29,94,98
2024,11,26,22,13,33,89,98
2024,11,26,22,13,37,95,98
2024,11,26,22,13,41,98,98
2024,11,26,22,13,45,93,99
2024,11,26,22,13,49,93,98
2024,11,26,22,13,53,92,98
2024,11,26,22,13,57,90,98
2024,11,26,22,14,1,88,98
2024,11,26,22,14,5,93,98
2024,11,26,22,14,9,89,99
2024,11,26,22,14,13,88,98
2024,11,26,22,14,17,83,98
2024,11,26,22,14,21,84,98
2024,11,26,22,14,25,85,98
2024,11,26,22,14,29,84,98
2024,11,26,22,14,33,86,98
2024,11,26,22,14,37,87,98
2024,11,26,22,14,41,86,98
2024,11,26,22,14,45,89,98
2024,11,26,22,14,49,88,98
2024,11,26,22,14,53,88,98
2024,11,26,22,14,57,91,98
2024,11,26,22,15,1,94,98
2024,11,26,22,15,5,94,98
2024,11,26,22,15,9,94,98
2024,11,26,22,15,13,94,98
2024,11,26,22,15,17,96,98
2024,11,26,22,15,21,94,98
2024,11,26,22,15,25,94,98
2024,11,26,22,15,29,93,98
2024,11,26,22,15,33,93,98
2024,11,26,22,15,37,92,98
2024,11,26,22,15,41,93,98
2024,11,26,22,15,45,92,98
2024,11,26,22,15,49,92,98
2024,11,26,22,15,53,92,98
2024,11,26,22,15,57,91,98
2024,11,26,22,16,1,90,98
2024,11,26,22,16,5,89,98
2024,11,26,22,16,9,90,98
2024,11,26,22,16,13,89,98
2024,11,26,22,16,17,90,98
2024,11,26,22,16,21,94,98
2024,11,26,22,16,25,95,98
2024,11,26,22,16,29,97,98
2024,11,26,22,16,33,95,98
2024,11,26,22,16,37,91,98
2024,11,26,22,16,41,90,98
2024,11,26,22,16,45,89,98
2024,11,26,22,16,49,88,98
2024,11,26,22,16,53,88,98
2024,11,26,22,16,57,90,98
2024,11,26,22,17,1,90,98
2024,11,26,22,17,5,92,98
2024,11,26,22,17,9,90,98
2024,11,26,22,17,13,88,98
2024,11,26,22,17,17,87,98
2024,11,26,22,17,21,87,98
2024,11,26,22,17,25,88,98
2024,11,26,22,17,29,88,98
2024,11,26,22,17,33,88,98
2024,11,26,22,17,37,89,98
2024,11,26,22,17,41,92,98
2024,11,26,22,17,45,92,98
2024,11,26,22,17,49,92,98
2024,11,26,22,17,53,92,98
2024,11,26,22,17,57,92,98
2024,11,26,22,18,1,92,98
2024,11,26,22,18,5,90,98
2024,11,26,22,18,9,89,98
2024,11,26,22,18,13,90,98
2024,11,26,22,18,17,91,98
2024,11,26,22,18,21,91,98
2024,11,26,22,18,25,92,98
2024,11,26,22,18,29,92,98
2024,11,26,22,18,33,91,98
2024,11,26,22,18,37,93,98
2024,11,26,22,18,41,93,98
2024,11,26,22,18,45,94,98
2024,11,26,22,18,49,94,98
2024,11,26,22,18,53,93,98
2024,11,26,22,18,57,93,98
2024,11,26,22,19,1,94,98
2024,11,26,22,19,5,94,98
2024,11,26,22,19,9,94,98
2024,11,26,22,19,13,94,98
2024,11,26,22,19,17,94,98
2024,11,26,22,19,21,93,98
2024,11,26,22,19,25,93,98
2024,11,26,22,19,29,95,98
2024,11,26,22,19,33,95,98
2024,11,26,22,19,37,95,98
2024,11,26,22,19,41,94,98
2024,11,26,22,19,45,93,98
2024,11,26,22,19,49,95,98
2024,11,26,22,19,53,93,98
2024,11,26,22,19,57,91,98
2024,11,26,22,20,1,89,98
2024,11,26,22,20,5,90,98
2024,11,26,22,20,9,91,98
2024,11,26,22,20,13,89,98
2024,11,26,22,20,17,88,98
2024,11,26,22,20,21,88,98
2024,11,26,22,20,25,89,98
2024,11,26,22,20,29,89,98
2024,11,26,22,20,33,90,98
2024,11,26,22,20,37,93,98
2024,11,26,22,20,41,96,98
2024,11,26,22,20,45,97,98
2024,11,26,22,20,49,97,98
2024,11,26,22,20,53,97,98
2024,11,26,22,20,57,95,98
2024,11,26,22,21,1,95,98
2024,11,26,22,21,5,94,98
2024,11,26,22,21,9,92,98
2024,11,26,22,21,13,92,98
2024,11,26,22,21,17,93,98
2024,11,26,22,21,21,93,98
2024,11,26,22,21,25,90,98
2024,11,26,22,21,29,90,98
2024,11,26,22,21,33,92,98
2024,11,26,22,21,37,94,98
2024,11,26,22,21,41,96,98
2024,11,26,22,21,45,97,98
2024,11,26,22,21,49,95,98
2024,11,26,22,21,53,92,98
2024,11,26,22,21,57,91,98
2024,11,26,22,22,1,95,98
2024,11,26,22,22,5,95,98
2024,11,26,22,22,9,96,98
2024,11,26,22,22,13,95,98
2024,11,26,22,22,17,95,98
2024,11,26,22,22,21,95,98
2024,11,26,22,22,25,95,98
2024,11,26,22,22,29,96,98
2024,11,26,22,22,33,95,98
2024,11,26,22,22,37,94,98
2024,11,26,22,22,41,93,98
2024,11,26,22,22,45,94,98
2024,11,26,22,22,49,95,98
2024,11,26,22,22,53,91,98
2024,11,26,22,22,57,89,98
2024,11,26,22,23,1,90,98
2024,11,26,22,23,5,89,98
2024,11,26,22,23,9,90,98
2024,11,26,22,23,13,89,98
2024,11,26,22,23,17,88,98
2024,11,26,22,23,21,91,98
2024,11,26,22,23,25,93,98
2024,11,26,22,23,29,94,98
2024,11,26,22,23,33,99,98
2024,11,26,22,23,37,102,98
2024,11,26,22,23,41,98,98
2024,11,26,22,23,45,92,98
2024,11,26,22,23,49,91,98
2024,11,26,22,23,53,90,98
2024,11,26,22,23,57,89,98
2024,11,26,22,24,1,89,98
2024,11,26,22,24,5,92,98
2024,11,26,22,24,9,92,98
2024,11,26,22,24,13,92,98
2024,11,26,22,24,17,91,98
2024,11,26,22,24,21,90,98
2024,11,26,22,24,25,91,98
2024,11,26,22,24,29,92,98
2024,11,26,22,24,33,95,98
2024,11,26,22,24,37,94,98
2024,11,26,22,24,41,93,98
2024,11,26,22,24,45,93,98
2024,11,26,22,24,49,93,98
2024,11,26,22,24,53,94,98
2024,11,26,22,24,57,94,98
2024,11,26,22,25,1,95,98
2024,11,26,22,25,5,95,98
2024,11,26,22,25,9,94,98
2024,11,26,22,25,13,93,98
2024,11,26,22,25,17,93,98
2024,11,26,22,25,21,92,98
2024,11,26,22,25,25,92,98
2024,11,26,22,25,29,90,98
2024,11,26,22,25,33,88,98
2024,11,26,22,25,37,90,98
2024,11,26,22,25,41,92,98
2024,11,26,22,25,45,90,98
2024,11,26,22,25,49,88,98
2024,11,26,22,25,53,89,98
2024,11,26,22,25,57,88,98
2024,11,26,22,26,1,87,98
2024,11,26,22,26,5,88,98
2024,11,26,22,26,9,87,98
2024,11,26,22,26,13,89,98
2024,11,26,22,26,17,93,98
2024,11,26,22,26,21,92,98
2024,11,26,22,26,25,86,98
2024,11,26,22,26,29,83,97
2024,11,26,22,26,33,102,97
2024,11,26,22,26,37,104,97
2024,11,26,22,26,41,97,97
2024,11,26,22,26,45,90,98
2024,11,26,22,26,49,89,98
2024,11,26,22,26,53,90,98
2024,11,26,22,26,57,90,98
2024,11,26,22,27,1,89,98
2024,11,26,22,27,5,90,98
2024,11,26,22,27,9,90,98
2024,11,26,22,27,13,91,98
2024,11,26,22,27,17,91,98
2024,11,26,22,27,21,92,98
2024,11,26,22,27,25,92,98
2024,11,26,22,27,29,92,98
2024,11,26,22,27,33,89,98
2024,11,26,22,27,37,88,98
2024,11,26,22,27,41,89,98
2024,11,26,22,27,45,87,98
2024,11,26,22,27,49,88,98
2024,11,26,22,27,53,87,98
2024,11,26,22,27,57,88,98
2024,11,26,22,28,1,88,98
2024,11,26,22,28,5,88,98
2024,11,26,22,28,9,87,98
2024,11,26,22,28,13,87,98
2024,11,26,22,28,17,86,98
2024,11,26,22,28,21,87,98
2024,11,26,22,28,25,85,98
2024,11,26,22,28,29,84,98
2024,11,26,22,28,33,89,98
2024,11,26,22,28,37,93,98
2024,11,26,22,28,41,93,98
2024,11,26,22,28,45,93,98
2024,11,26,22,28,49,94,98
2024,11,26,22,28,53,92,98
2024,11,26,22,28,57,92,98
2024,11,26,22,29,1,92,98
2024,11,26,22,29,5,93,98
2024,11,26,22,29,9,93,98
2024,11,26,22,29,13,90,98
2024,11,26,22,29,17,90,98
2024,11,26,22,29,21,91,98
2024,11,26,22,29,25,92,98
2024,11,26,22,29,29,93,98
2024,11,26,22,29,33,92,98
2024,11,26,22,29,37,91,98
2024,11,26,22,29,41,90,98
2024,11,26,22,29,45,91,98
2024,11,26,22,29,49,92,98
2024,11,26,22,29,53,94,98
2024,11,26,22,29,57,94,98
2024,11,26,22,30,1,93,98
2024,11,26,22,30,5,93,98
2024,11,26,22,30,9,93,98
2024,11,26,22,30,13,93,98
2024,11,26,22,30,17,95,98
2024,11,26,22,30,21,95,98
2024,11,26,22,30,25,95,98
2024,11,26,22,30,29,95,98
2024,11,26,22,30,33,95,98
2024,11,26,22,30,37,96,98
2024,11,26,22,30,41,95,98
2024,11,26,22,30,45,93,98
2024,11,26,22,30,49,91,98
2024,11,26,22,30,53,93,98
2024,11,26,22,30,57,93,98
2024,11,26,22,31,1,94,98
2024,11,26,22,31,5,91,98
2024,11,26,22,31,9,93,98
2024,11,26,22,31,13,93,98
2024,11,26,22,31,17,93,98
2024,11,26,22,31,21,96,98
2024,11,26,22,31,25,96,98
2024,11,26,22,31,29,96,98
2024,11,26,22,31,33,94,98
2024,11,26,22,31,37,92,98
2024,11,26,22,31,41,91,98
2024,11,26,22,31,45,91,98
2024,11,26,22,31,49,90,98
2024,11,26,22,31,53,88,98
2024,11,26,22,31,57,89,98
2024,11,26,22,32,1,90,98
2024,11,26,22,32,5,91,98
2024,11,26,22,32,9,90,98
2024,11,26,22,32,13,90,98
2024,11,26,22,32,17,91,98
2024,11,26,22,32,21,89,98
2024,11,26,22,32,25,89,98
2024,11,26,22,32,29,87,98
2024,11,26,22,32,33,88,98
2024,11,26,22,32,37,88,98
2024,11,26,22,32,41,89,98
2024,11,26,22,32,45,88,98
2024,11,26,22,32,49,89,98
2024,11,26,22,32,53,90,98
2024,11,26,22,32,57,89,98
2024,11,26,22,33,1,90,98
2024,11,26,22,33,5,90,98
2024,11,26,22,33,9,93,98
2024,11,26,22,33,13,93,98
2024,11,26,22,33,17,93,98
2024,11,26,22,33,21,93,98
2024,11,26,22,33,25,91,98
2024,11,26,22,33,29,91,98
2024,11,26,22,33,33,89,98
2024,11,26,22,33,37,87,98
2024,11,26,22,33,41,89,98
2024,11,26,22,33,45,86,98
2024,11,26,22,33,49,91,98
2024,11,26,22,33,53,94,98
2024,11,26,22,33,57,94,98
2024,11,26,22,34,1,95,98
2024,11,26,22,34,5,95,98
2024,11,26,22,34,9,94,98
2024,11,26,22,34,13,94,98
2024,11,26,22,34,17,94,98
2024,11,26,22,34,21,95,98
2024,11,26,22,34,25,95,98
2024,11,26,22,34,29,95,98
2024,11,26,22,34,33,96,98
2024,11,26,22,34,37,96,98
2024,11,26,22,34,41,96,98
2024,11,26,22,34,45,94,98
2024,11,26,22,34,49,94,98
2024,11,26,22,34,53,95,98
2024,11,26,22,34,57,95,98
2024,11,26,22,35,1,95,98
2024,11,26,22,35,5,94,98
2024,11,26,22,35,9,94,98
2024,11,26,22,35,13,92,98
2024,11,26,22,35,17,91,98
2024,11,26,22,35,21,94,98
2024,11,26,22,35,25,92,98
2024,11,26,22,35,29,91,98
2024,11,26,22,35,33,92,98
2024,11,26,22,35,37,97,98
2024,11,26,22,35,41,100,98
2024,11,26,22,35,45,94,98
2024,11,26,22,35,49,94,98
2024,11,26,22,35,53,94,98
2024,11,26,22,35,57,93,98
2024,11,26,22,36,1,89,98
2024,11,26,22,36,5,89,98
2024,11,26,22,36,9,88,98
2024,11,26,22,36,13,87,98
2024,11,26,22,36,17,87,98
2024,11,26,22,36,21,87,98
2024,11,26,22,36,25,90,98
2024,11,26,22,36,29,89,98
2024,11,26,22,36,33,88,98
2024,11,26,22,36,37,91,98
2024,11,26,22,36,41,92,98
2024,11,26,22,36,45,91,98
2024,11,26,22,36,49,91,98
2024,11,26,22,36,53,91,98
2024,11,26,22,36,57,91,98
2024,11,26,22,37,1,89,98
2024,11,26,22,37,5,89,98
2024,11,26,22,37,9,90,98
2024,11,26,22,37,13,89,98
2024,11,26,22,37,17,88,98
2024,11,26,22,37,21,87,98
2024,11,26,22,37,25,87,98
2024,11,26,22,37,29,87,98
2024,11,26,22,37,33,92,98
2024,11,26,22,37,37,91,98
2024,11,26,22,37,41,91,98
2024,11,26,22,37,45,91,98
2024,11,26,22,37,49,91,98
2024,11,26,22,37,53,91,98
2024,11,26,22,37,57,91,98
2024,11,26,22,38,1,93,98
2024,11,26,22,38,5,95,98
2024,11,26,22,38,9,96,98
2024,11,26,22,38,13,96,98
2024,11,26,22,38,17,96,98
2024,11,26,22,38,21,96,98
2024,11,26,22,38,25,95,98
2024,11,26,22,38,29,92,98
2024,11,26,22,38,33,91,98
2024,11,26,22,38,37,90,98
2024,11,26,22,38,41,89,98
2024,11,26,22,38,45,90,98
2024,11,26,22,38,49,89,98
2024,11,26,22,38,53,89,98
2024,11,26,22,38,57,89,98
2024,11,26,22,39,1,89,98
2024,11,26,22,39,5,90,98
2024,11,26,22,39,9,89,98
2024,11,26,22,39,13,89,98
2024,11,26,22,39,17,91,98
2024,11,26,22,39,21,89,98
2024,11,26,22,39,25,89,98
2024,11,26,22,39,29,89,98
2024,11,26,22,39,33,91,98
2024,11,26,22,39,37,91,98
2024,11,26,22,39,41,89,98
2024,11,26,22,39,45,89,98
2024,11,26,22,39,49,88,98
2024,11,26,22,39,53,88,98
2024,11,26,22,39,57,89,98
2024,11,26,22,40,1,89,98
2024,11,26,22,40,5,91,98
2024,11,26,22,40,9,91,98
2024,11,26,22,40,13,91,98
2024,11,26,22,40,17,91,98
2024,11,26,22,40,21,91,98
2024,11,26,22,40,25,91,98
2024,11,26,22,40,29,91,98
2024,11,26,22,40,33,93,98
2024,11,26,22,40,37,91,98
2024,11,26,22,40,41,88,98
2024,11,26,22,40,45,87,98
2024,11,26,22,40,49,88,98
2024,11,26,22,40,53,88,98
2024,11,26,22,40,57,90,98
2024,11,26,22,41,1,88,98
2024,11,26,22,41,5,91,98
2024,11,26,22,41,9,91,98
2024,11,26,22,41,13,92,98
2024,11,26,22,41,17,91,98
2024,11,26,22,41,21,91,98
2024,11,26,22,41,25,91,98
2024,11,26,22,41,29,93,98
2024,11,26,22,41,33,92,98
2024,11,26,22,41,37,95,98
2024,11,26,22,41,41,94,98
2024,11,26,22,41,45,94,98
2024,11,26,22,41,49,93,98
2024,11,26,22,41,53,93,98
2024,11,26,22,41,57,93,98
2024,11,26,22,42,1,93,98
2024,11,26,22,42,5,92,98
2024,11,26,22,42,9,92,98
2024,11,26,22,42,13,94,98
2024,11,26,22,42,17,94,98
2024,11,26,22,42,21,101,98
2024,11,26,22,42,25,103,98
2024,11,26,22,42,29,106,98
2024,11,26,22,42,33,103,98
2024,11,26,22,42,37,100,98
2024,11,26,22,42,41,95,98
2024,11,26,22,42,45,95,98
2024,11,26,22,42,49,97,98
2024,11,26,22,42,53,96,98
2024,11,26,22,42,57,97,98
2024,11,26,22,43,1,96,98
2024,11,26,22,43,5,99,98
2024,11,26,22,43,9,97,98
2024,11,26,22,43,13,96,98
2024,11,26,22,43,17,96,98
2024,11,26,22,43,21,94,98
2024,11,26,22,43,25,87,98
2024,11,26,22,43,29,87,98
2024,11,26,22,43,33,88,98
2024,11,26,22,43,37,93,98
2024,11,26,22,43,41,95,98
2024,11,26,22,43,45,93,98
2024,11,26,22,43,49,92,98
2024,11,26,22,43,53,91,98
2024,11,26,22,43,57,90,98
2024,11,26,22,44,1,89,98
2024,11,26,22,44,5,88,98
2024,11,26,22,44,9,87,98
2024,11,26,22,44,13,96,98
2024,11,26,22,44,17,103,98
2024,11,26,22,44,21,101,98
2024,11,26,22,44,25,100,98
2024,11,26,22,44,29,101,97
2024,11,26,22,44,33,101,97
2024,11,26,22,44,37,100,97
2024,11,26,22,44,41,102,98
2024,11,26,22,44,45,101,98
2024,11,26,22,44,49,100,98
2024,11,26,22,44,53,97,98
2024,11,26,22,44,57,96,98
2024,11,26,22,45,1,97,98
2024,11,26,22,45,5,97,98
2024,11,26,22,45,9,97,98
2024,11,26,22,45,13,97,98
2024,11,26,22,45,17,97,98
2024,11,26,22,45,21,101,98
2024,11,26,22,45,25,98,97
2024,11,26,22,45,29,93,97
2024,11,26,22,45,33,91,98
2024,11,26,22,45,37,89,98
2024,11,26,22,45,41,90,98
2024,11,26,22,45,45,90,98
2024,11,26,22,45,49,92,98
2024,11,26,22,45,53,92,98
2024,11,26,22,45,57,92,98
2024,11,26,22,46,1,91,98
2024,11,26,22,46,5,91,98
2024,11,26,22,46,9,92,98
2024,11,26,22,46,13,91,98
2024,11,26,22,46,17,90,98
2024,11,26,22,46,21,92,98
2024,11,26,22,46,25,92,98
2024,11,26,22,46,29,93,98
2024,11,26,22,46,33,94,98
2024,11,26,22,46,37,93,98
2024,11,26,22,46,41,93,98
2024,11,26,22,46,45,94,98
2024,11,26,22,46,49,94,98
2024,11,26,22,46,53,95,98
2024,11,26,22,46,57,94,98
2024,11,26,22,47,1,93,98
2024,11,26,22,47,5,93,98
2024,11,26,22,47,9,97,98
2024,11,26,22,47,13,98,98
2024,11,26,22,47,17,96,98
2024,11,26,22,47,21,98,98
2024,11,26,22,47,25,98,98
2024,11,26,22,47,29,97,98
2024,11,26,22,47,33,95,98
2024,11,26,22,47,37,94,98
2024,11,26,22,47,41,96,98
2024,11,26,22,47,45,95,98
2024,11,26,22,47,49,93,98
2024,11,26,22,47,53,92,98
2024,11,26,22,47,57,95,98
2024,11,26,22,48,1,95,98
2024,11,26,22,48,5,95,98
2024,11,26,22,48,9,93,98
2024,11,26,22,48,13,93,98
2024,11,26,22,48,17,92,98
2024,11,26,22,48,21,92,98
2024,11,26,22,48,25,93,98
2024,11,26,22,48,29,93,98
2024,11,26,22,48,33,93,98
2024,11,26,22,48,37,93,98
2024,11,26,22,48,41,93,98
2024,11,26,22,48,45,92,98
2024,11,26,22,48,49,93,98
2024,11,26,22,48,53,95,98
2024,11,26,22,48,57,95,98
2024,11,26,22,49,1,100,98
2024,11,26,22,49,5,94,98
2024,11,26,22,49,9,92,98
2024,11,26,22,49,13,89,98
2024,11,26,22,49,17,88,98
2024,11,26,22,49,21,89,98
2024,11,26,22,49,25,91,98
2024,11,26,22,49,29,94,98
2024,11,26,22,49,33,96,98
2024,11,26,22,49,37,92,98
2024,11,26,22,49,41,91,98
2024,11,26,22,49,45,91,98
2024,11,26,22,49,49,90,98
2024,11,26,22,49,53,89,98
2024,11,26,22,49,57,90,98
2024,11,26,22,50,1,91,98
2024,11,26,22,50,5,88,98
2024,11,26,22,50,9,87,98
2024,11,26,22,50,13,88,98
2024,11,26,22,50,17,89,98
2024,11,26,22,50,21,89,98
2024,11,26,22,50,25,92,98
2024,11,26,22,50,29,91,98
2024,11,26,22,50,33,91,98
2024,11,26,22,50,37,92,97
2024,11,26,22,50,41,93,97
2024,11,26,22,50,45,93,98
2024,11,26,22,50,49,93,98
2024,11,26,22,50,53,91,98
2024,11,26,22,50,57,90,98
2024,11,26,22,51,1,89,97
2024,11,26,22,51,5,88,98
2024,11,26,22,51,9,87,98
2024,11,26,22,51,13,88,98
2024,11,26,22,51,17,88,98
2024,11,26,22,51,21,91,98
2024,11,26,22,51,25,91,98
2024,11,26,22,51,29,91,98
2024,11,26,22,51,33,92,98
2024,11,26,22,51,37,91,98
2024,11,26,22,51,41,92,98
2024,11,26,22,51,45,90,97
2024,11,26,22,51,49,90,97
2024,11,26,22,51,53,91,97
2024,11,26,22,51,57,92,97
2024,11,26,22,52,1,91,97
2024,11,26,22,52,5,90,97
2024,11,26,22,52,9,89,98
2024,11,26,22,52,13,89,98
2024,11,26,22,52,17,88,98
2024,11,26,22,52,21,86,97
2024,11,26,22,52,25,90,97
2024,11,26,22,52,29,90,98
2024,11,26,22,52,33,92,98
2024,11,26,22,52,37,92,98
2024,11,26,22,52,41,92,98
2024,11,26,22,52,45,93,98
2024,11,26,22,52,49,92,98
2024,11,26,22,52,53,91,98
2024,11,26,22,52,57,91,98
2024,11,26,22,53,1,92,98
2024,11,26,22,53,5,90,98
2024,11,26,22,53,9,91,98
2024,11,26,22,53,13,90,98
2024,11,26,22,53,17,88,98
2024,11,26,22,53,21,88,97
2024,11,26,22,53,25,90,97
2024,11,26,22,53,29,89,97
2024,11,26,22,53,33,89,98
2024,11,26,22,53,37,91,97
2024,11,26,22,53,41,92,97
2024,11,26,22,53,45,88,97
2024,11,26,22,53,49,88,98
2024,11,26,22,53,53,87,98
2024,11,26,22,53,57,89,98
2024,11,26,22,54,1,91,97
2024,11,26,22,54,5,91,97
2024,11,26,22,54,9,94,98
2024,11,26,22,54,13,96,98
2024,11,26,22,54,17,92,98
2024,11,26,22,54,21,91,98
2024,11,26,22,54,25,93,97
2024,11,26,22,54,29,90,98
2024,11,26,22,54,33,88,98
2024,11,26,22,54,37,88,98
2024,11,26,22,54,41,88,98
2024,11,26,22,54,45,92,97
2024,11,26,22,54,49,91,97
2024,11,26,22,54,53,89,97
2024,11,26,22,54,57,89,97
2024,11,26,22,55,1,88,97
2024,11,26,22,55,5,87,98
2024,11,26,22,55,9,93,97
2024,11,26,22,55,13,95,97
2024,11,26,22,55,17,94,97
2024,11,26,22,55,21,93,97
2024,11,26,22,55,25,97,97
2024,11,26,22,55,29,96,96
2024,11,26,22,55,33,94,98
2024,11,26,22,55,37,91,98
2024,11,26,22,55,41,90,98
2024,11,26,22,55,45,92,98
2024,11,26,22,55,49,97,98
2024,11,26,22,55,53,97,98
2024,11,26,22,55,57,84,97
2024,11,26,22,56,1,75,98
2024,11,26,22,56,5,75,98
2024,11,26,22,56,9,84,99
2024,11,26,22,56,13,86,99
2024,11,26,22,56,17,93,98
2024,11,26,22,56,21,97,98
2024,11,26,22,56,25,96,98
2024,11,26,22,56,29,94,98
2024,11,26,22,56,33,93,98
2024,11,26,22,56,37,92,98
2024,11,26,22,56,41,92,98
2024,11,26,22,56,45,92,98
2024,11,26,22,56,49,93,98
2024,11,26,22,56,53,94,98
2024,11,26,22,56,57,98,98
2024,11,26,22,57,1,99,98
2024,11,26,22,57,5,94,98
2024,11,26,22,57,9,92,98
2024,11,26,22,57,13,92,98
2024,11,26,22,57,17,93,98
2024,11,26,22,57,21,93,98
2024,11,26,22,57,25,93,98
2024,11,26,22,57,29,96,98
2024,11,26,22,57,33,102,98
2024,11,26,22,57,37,103,98
2024,11,26,22,57,41,95,98
2024,11,26,22,57,45,93,98
2024,11,26,22,57,49,96,98
2024,11,26,22,57,53,97,98
2024,11,26,22,57,57,101,98
2024,11,26,22,58,1,103,98
2024,11,26,22,58,5,102,98
2024,11,26,22,58,9,99,98
2024,11,26,22,58,13,94,98
2024,11,26,22,58,17,94,98
2024,11,26,22,58,21,102,98
2024,11,26,22,58,25,103,99
2024,11,26,22,58,29,106,98
2024,11,26,22,58,33,107,98
2024,11,26,22,58,37,108,98
2024,11,26,22,58,41,101,98
2024,11,26,22,58,45,106,98
2024,11,26,22,58,49,106,98
2024,11,26,22,58,53,106,98
2024,11,26,22,58,57,107,98
2024,11,26,22,59,1,111,98
2024,11,26,22,59,5,111,100
2024,11,26,22,59,9,113,99
2024,11,26,22,59,13,101,99
2024,11,26,22,59,17,105,99
2024,11,26,22,59,21,105,99
2024,11,26,22,59,25,106,98
2024,11,26,22,59,29,106,98
2024,11,26,22,59,33,103,98
2024,11,26,22,59,37,101,98
2024,11,26,22,59,41,101,98
2024,11,26,22,59,45,108,98
2024,11,26,22,59,49,107,99
2024,11,26,22,59,53,105,98
2024,11,26,22,59,57,110,98
2024,11,26,23,0,1,105,98
2024,11,26,23,0,5,113,98
2024,11,26,23,0,9,107,98
2024,11,26,23,0,13,106,97
2024,11,26,23,0,17,102,98
2024,11,26,23,0,21,96,97
2024,11,26,23,0,25,103,98
2024,11,26,23,0,29,106,98
2024,11,26,23,0,33,100,98
2024,11,26,23,0,37,100,98
2024,11,26,23,0,41,108,98
2024,11,26,23,0,45,110,98
2024,11,26,23,0,49,109,98
2024,11,26,23,0,53,112,98
2024,11,26,23,0,57,113,98
2024,11,26,23,1,1,115,98
2024,11,26,23,1,5,117,98
2024,11,26,23,1,9,119,98
2024,11,26,23,1,13,113,97
2024,11,26,23,1,17,111,98
2024,11,26,23,1,21,113,97
2024,11,26,23,1,25,113,97
2024,11,26,23,1,29,109,97
2024,11,26,23,1,33,108,98
2024,11,26,23,1,37,108,98
2024,11,26,23,1,41,111,98
2024,11,26,23,1,45,108,98
2024,11,26,23,1,49,107,98
2024,11,26,23,1,53,113,98
2024,11,26,23,1,57,109,98
2024,11,26,23,2,1,107,98
2024,11,26,23,2,5,111,98
2024,11,26,23,2,9,111,98
2024,11,26,23,2,13,111,98
2024,11,26,23,2,17,109,98
2024,11,26,23,2,21,110,98
2024,11,26,23,2,25,112,98
2024,11,26,23,2,29,112,98
2024,11,26,23,2,33,114,99
2024,11,26,23,2,37,114,99
2024,11,26,23,2,41,117,99
2024,11,26,23,2,45,120,99
2024,11,26,23,2,49,120,99
2024,11,26,23,2,53,122,99
2024,11,26,23,2,57,126,98
2024,11,26,23,3,1,129,98
2024,11,26,23,3,5,130,98
2024,11,26,23,3,9,130,98
2024,11,26,23,3,13,133,98
2024,11,26,23,3,17,133,98
2024,11,26,23,3,21,136,98
2024,11,26,23,3,25,136,98
2024,11,26,23,3,29,137,98
2024,11,26,23,3,33,500,500
2024,11,26,23,3,37,500,500
2024,11,26,23,3,41,130,98
2024,11,26,23,3,45,121,98
2024,11,26,23,3,49,119,99
2024,11,26,23,3,53,119,98
2024,11,26,23,3,57,121,98
2024,11,26,23,4,1,122,98
2024,11,26,23,4,5,122,98
2024,11,26,23,4,9,122,99
2024,11,26,23,4,13,123,99
2024,11,26,23,4,17,123,99
2024,11,26,23,4,21,123,98
2024,11,26,23,4,25,127,98
2024,11,26,23,4,29,127,99
2024,11,26,23,4,33,128,99
2024,11,26,23,4,37,128,99
2024,11,26,23,4,41,129,99
2024,11,26,23,4,45,129,99
2024,11,26,23,4,49,126,97
2024,11,26,23,4,53,122,97
2024,11,26,23,4,57,122,97
2024,11,26,23,5,1,125,99
2024,11,26,23,5,5,125,99
2024,11,26,23,5,9,125,99
2024,11,26,23,5,13,125,99
2024,11,26,23,5,17,125,99
2024,11,26,23,5,21,125,99
2024,11,26,23,5,25,128,98
2024,11,26,23,5,29,121,98
2024,11,26,23,5,33,119,98
2024,11,26,23,5,37,117,98
2024,11,26,23,5,41,113,98
2024,11,26,23,5,45,111,98
2024,11,26,23,5,49,111,98
2024,11,26,23,5,53,109,98
2024,11,26,23,5,57,110,98
2024,11,26,23,6,1,110,98
2024,11,26,23,6,5,110,98
2024,11,26,23,6,9,115,98
2024,11,26,23,6,13,129,98
2024,11,26,23,6,17,134,96
2024,11,26,23,6,21,132,96
2024,11,26,23,6,25,126,96
2024,11,26,23,6,29,123,96
2024,11,26,23,6,33,125,97
2024,11,26,23,6,37,125,96
2024,11,26,23,6,41,125,96
2024,11,26,23,6,45,118,96
2024,11,26,23,6,49,115,97
2024,11,26,23,6,53,120,98
2024,11,26,23,6,57,116,97
2024,11,26,23,7,1,111,97
2024,11,26,23,7,5,108,97
2024,11,26,23,7,9,105,98
2024,11,26,23,7,13,104,98
2024,11,26,23,7,17,106,98
2024,11,26,23,7,21,102,98
2024,11,26,23,7,25,103,98
2024,11,26,23,7,29,101,98
2024,11,26,23,7,33,107,98
2024,11,26,23,7,37,111,98
2024,11,26,23,7,41,100,97
2024,11,26,23,7,45,99,97
2024,11,26,23,7,49,99,98
2024,11,26,23,7,53,110,98
2024,11,26,23,7,57,104,97
2024,11,26,23,8,1,102,97
2024,11,26,23,8,5,101,97
2024,11,26,23,8,9,104,98
2024,11,26,23,8,13,105,97
2024,11,26,23,8,17,109,98
2024,11,26,23,8,21,110,98
2024,11,26,23,8,25,98,97
2024,11,26,23,8,29,93,97
2024,11,26,23,8,33,93,97
2024,11,26,23,8,37,94,97
2024,11,26,23,8,41,95,97
2024,11,26,23,8,45,95,97
2024,11,26,23,8,49,106,97
2024,11,26,23,8,53,108,97
2024,11,26,23,8,57,114,97
2024,11,26,23,9,1,120,97
2024,11,26,23,9,5,120,97
2024,11,26,23,9,9,120,97
2024,11,26,23,9,13,121,97
2024,11,26,23,9,17,121,98
2024,11,26,23,9,21,120,98
2024,11,26,23,9,25,120,98
2024,11,26,23,9,29,120,98
2024,11,26,23,9,33,120,98
2024,11,26,23,9,37,120,98
2024,11,26,23,9,41,121,98
2024,11,26,23,9,45,125,98
2024,11,26,23,9,49,125,98
2024,11,26,23,9,53,125,98
2024,11,26,23,9,57,125,98
2024,11,26,23,10,1,124,98
2024,11,26,23,10,5,500,500
2024,11,26,23,10,9,500,500
2024,11,26,23,10,13,500,500
2024,11,26,23,10,17,500,500
2024,11,26,23,10,21,500,500
2024,11,26,23,10,25,500,500
2024,11,26,23,10,29,122,98
2024,11,26,23,10,33,122,98
2024,11,26,23,10,37,122,98
2024,11,26,23,10,41,123,98
2024,11,26,23,10,45,127,98
2024,11,26,23,10,49,127,98
2024,11,26,23,10,53,127,98
2024,11,26,23,10,57,127,98
2024,11,26,23,11,1,126,98
2024,11,26,23,11,5,110,98
2024,11,26,23,11,9,104,98
2024,11,26,23,11,13,99,99
2024,11,26,23,11,17,102,99
2024,11,26,23,11,21,101,99
2024,11,26,23,11,25,101,98
2024,11,26,23,11,29,110,98
2024,11,26,23,11,33,110,98
2024,11,26,23,11,37,114,98
2024,11,26,23,11,41,106,98
2024,11,26,23,11,45,104,97
2024,11,26,23,11,49,109,97
2024,11,26,23,11,53,110,98
2024,11,26,23,11,57,96,96
2024,11,26,23,12,1,91,96
2024,11,26,23,12,5,87,98
2024,11,26,23,12,9,90,98
2024,11,26,23,12,13,92,98
2024,11,26,23,12,17,500,98
